{"cameraMode":{"drawMode":0,"name":"Shaded","section":"Shading Mode"},"sceneLighting":false,"audioPlay":false,"sceneViewState":{"showFog":true,"showMaterialUpdate":false,"showSkybox":true,"showFlares":true,"showImageEffects":true,"showParticleSystems":true},"in2DMode":false,"pivot":{"x":-87.89886474609375,"y":-406.15142822265627,"z":462.2342224121094},"rotation":{"x":-0.1452547162771225,"y":0.33193472027778628,"z":-0.051746517419815066,"w":-0.9306477904319763},"size":43.587860107421878,"orthographic":false}