{"cameraMode":{"drawMode":0,"name":"Shaded","section":"Shading Mode"},"sceneLighting":false,"audioPlay":false,"sceneViewState":{"showFog":true,"showMaterialUpdate":false,"showSkybox":true,"showFlares":true,"showImageEffects":true,"showParticleSystems":true},"in2DMode":false,"pivot":{"x":1.855755090713501,"y":1.1680631637573243,"z":0.5668326616287231},"rotation":{"x":-0.18227608501911164,"y":0.6915067434310913,"z":-0.18714912235736848,"w":-0.6734930276870728},"size":2.5304532051086427,"orthographic":false}