{"cameraMode":{"drawMode":0,"name":"Shaded","section":"Shading Mode"},"sceneLighting":false,"audioPlay":false,"sceneViewState":{"showFog":true,"showMaterialUpdate":false,"showSkybox":true,"showFlares":true,"showImageEffects":true,"showParticleSystems":true},"in2DMode":false,"pivot":{"x":-92.0953369140625,"y":-400.5697021484375,"z":446.98712158203127},"rotation":{"x":-0.18670935928821565,"y":0.00205992441624403,"z":-0.0003905721241608262,"w":-0.9824275970458984},"size":4.0678486824035648,"orthographic":false}