{"cameraMode":{"drawMode":0,"name":"Shaded","section":"Shading Mode"},"sceneLighting":false,"audioPlay":false,"sceneViewState":{"showFog":true,"showMaterialUpdate":false,"showSkybox":true,"showFlares":true,"showImageEffects":true,"showParticleSystems":true},"in2DMode":false,"pivot":{"x":-91.92433166503906,"y":-402.577880859375,"z":455.8348388671875},"rotation":{"x":-0.09733185917139054,"y":0.25298669934272768,"z":-0.025592869147658349,"w":-0.9622388482093811},"size":7.63197660446167,"orthographic":false}