{"cameraMode":{"drawMode":0,"name":"Shaded","section":"Shading Mode"},"sceneLighting":false,"audioPlay":false,"sceneViewState":{"showFog":true,"showMaterialUpdate":false,"showSkybox":true,"showFlares":true,"showImageEffects":true,"showParticleSystems":true},"in2DMode":false,"pivot":{"x":-0.7151529788970947,"y":-0.0869145393371582,"z":-0.08473140001296997},"rotation":{"x":-0.18227608501911164,"y":0.6915067434310913,"z":-0.18714912235736848,"w":-0.6734930276870728},"size":3.457883596420288,"orthographic":false}