{"cameraMode":{"drawMode":0,"name":"Shaded","section":"Shading Mode"},"sceneLighting":true,"audioPlay":false,"sceneViewState":{"showFog":true,"showMaterialUpdate":false,"showSkybox":true,"showFlares":true,"showImageEffects":true,"showParticleSystems":true},"in2DMode":false,"pivot":{"x":-1.7221832275390626,"y":2.483386993408203,"z":41.54574966430664},"rotation":{"x":0.002945466199889779,"y":0.7079617977142334,"z":0.0029807828832417728,"w":-0.7062694430351257},"size":41.990211486816409,"orthographic":false}