{"cameraMode":{"drawMode":0,"name":"Shaded","section":"Shading Mode"},"sceneLighting":true,"audioPlay":false,"sceneViewState":{"showFog":true,"showMaterialUpdate":false,"showSkybox":true,"showFlares":true,"showImageEffects":true,"showParticleSystems":true},"in2DMode":false,"pivot":{"x":58.26353073120117,"y":1.3555200099945069,"z":43.71824264526367},"rotation":{"x":-0.06616677343845368,"y":0.9329948425292969,"z":-0.22862420976161958,"w":-0.2700064778327942},"size":62.76633834838867,"orthographic":false}