{"cameraMode":{"drawMode":0,"name":"Shaded","section":"Shading Mode"},"sceneLighting":true,"audioPlay":false,"sceneViewState":{"showFog":true,"showMaterialUpdate":false,"showSkybox":true,"showFlares":true,"showImageEffects":true,"showParticleSystems":true},"in2DMode":false,"pivot":{"x":-32.08484649658203,"y":-20.243173599243165,"z":-0.6995469927787781},"rotation":{"x":-0.18227608501911164,"y":0.6915067434310913,"z":-0.18714912235736848,"w":-0.6734930276870728},"size":48.23556137084961,"orthographic":false}