{"cameraMode":{"drawMode":0,"name":"Shaded","section":"Shading Mode"},"sceneLighting":true,"audioPlay":false,"sceneViewState":{"showFog":true,"showMaterialUpdate":false,"showSkybox":true,"showFlares":true,"showImageEffects":true,"showParticleSystems":true},"in2DMode":false,"pivot":{"x":2.208904266357422,"y":-4.424205780029297,"z":-15.378152847290039},"rotation":{"x":0.011334146372973919,"y":0.9818362593650818,"z":-0.17897887527942658,"w":0.06223398447036743},"size":19.30156707763672,"orthographic":false}