{"cameraMode":{"drawMode":0,"name":"Shaded","section":"Shading Mode"},"sceneLighting":true,"audioPlay":false,"sceneViewState":{"showFog":true,"showMaterialUpdate":false,"showSkybox":true,"showFlares":true,"showImageEffects":true,"showParticleSystems":true},"in2DMode":false,"pivot":{"x":-2.249009132385254,"y":0.5316839218139648,"z":2.260082721710205},"rotation":{"x":-0.1184135228395462,"y":0.5360045433044434,"z":-0.0762539729475975,"w":-0.8324023485183716},"size":13.38955020904541,"orthographic":false}