{"cameraMode":{"drawMode":0,"name":"Shaded","section":"Shading Mode"},"sceneLighting":false,"audioPlay":false,"sceneViewState":{"showFog":true,"showMaterialUpdate":false,"showSkybox":true,"showFlares":true,"showImageEffects":true,"showParticleSystems":true},"in2DMode":false,"pivot":{"x":1.1446657180786133,"y":-0.09000444412231446,"z":0.6606197357177734},"rotation":{"x":-0.18227608501911164,"y":0.6915067434310913,"z":-0.18714912235736848,"w":-0.6734930276870728},"size":3.16231369972229,"orthographic":false}